{"cameraMode":{"drawMode":0,"name":"Shaded","section":"Shading Mode"},"sceneLighting":false,"audioPlay":false,"sceneViewState":{"m_AlwaysRefresh":false,"showFog":true,"showSkybox":false,"showFlares":true,"showImageEffects":true,"showParticleSystems":true,"showVisualEffectGraphs":true,"m_FxEnabled":true},"in2DMode":false,"pivot":{"x":0.22233930230140687,"y":0.4261491298675537,"z":0.3662893772125244},"rotation":{"x":0.19337520003318788,"y":-0.4212222397327423,"z":0.09241912513971329,"w":0.8812880516052246},"size":2.667415142059326,"orthographic":false}